{"statusCode":200,"body":"\"Investment Calculator\"","Months":60,"Saved":24091.964071455262,"MonthsArr":[1,2,3,4,5,6,7,8,9,10,11,12,13,14,15,16,17,18,19,20,21,22,23,24,25,26,27,28,29,30,31,32,33,34,35,36,37,38,39,40,41,42,43,44,45,46,47,48,49,50,51,52,53,54,55,56,57,58,59,60],"SavedArr":[6241.333333333334,6484.275555555557,6728.837392592595,6975.029641876547,7222.863172822392,7472.348927307876,7723.497920156596,7976.321239624308,8230.830047888472,8487.035581541064,8744.949152084673,9004.582146431905,9265.94602740812,9529.052334257509,9793.912683152561,10060.538767706912,10328.942359491626,10599.135308554905,10871.129543945273,11144.937074238243,11420.5699880665,11698.040454653612,11977.360724351305,12258.543129180316,12541.600083374853,12826.544083930687,13113.387711156893,13402.143629231274,13692.824586759485,13985.443417337883,14280.013040120139,14576.546460387608,14875.056770123527,15175.557148591019,15478.060862914961,15782.58126866773,16089.13181045885,16397.72602252858,16708.37752934544,17021.100046207743,17335.90737984913,17652.81342904813,17971.832185241787,18292.9777331434,18616.26425136436,18941.706013040122,19269.317386460392,19599.112835703465,19931.106921274826,20265.314300749993,20601.749729421663,20940.428060951144,21281.364248024154,21624.573343010987,21970.070498631063,22317.87096862194,22667.990108412756,23020.443375802177,23375.24633164086,23732.41464051847],"InvestedMoney":18000,"Diff":6091.9640714552625,"logStreamName":"2021/02/21/[$LATEST]3bc6b8980e9c4680be729d0f6eafb296"}